{
    "ref_system": {
        "name": "Si-crystal-0e19991c-3640-4d60-b993-dbe37aa70a85",
        "atomic-system": {
            "box": {
                "avect": {
                    "value": [
                        2.640598872560954,
                        0.0,
                        0.0
                    ]
                },
                "bvect": {
                    "value": [
                        -1.3202994362804774,
                        2.286825704842333,
                        0.0
                    ]
                },
                "cvect": {
                    "value": [
                        0.0,
                        0.0,
                        2.5697587611816646
                    ]
                },
                "origin": {
                    "value": [
                        0.0,
                        0.0,
                        0.0
                    ]
                }
            },
            "periodic-boundary-condition": [
                true,
                true,
                true
            ],
            "atom-type-symbol": "Si",
            "atoms": {
                "natoms": 1,
                "property": [
                    {
                        "name": "atype",
                        "data": {
                            "value": [
                                1
                            ]
                        }
                    },
                    {
                        "name": "pos",
                        "data": {
                            "value": [
                                0.0,
                                0.0,
                                0.0
                            ],
                            "shape": [
                                1,
                                3
                            ],
                            "unit": "angstrom"
                        }
                    }
                ]
            }
        },
        "reference_values": {
            "E_pot_total": -3.9083094126411,
            "E_pot_atom": -3.9083094126411,
            "P_xx": -2.079112307759632e-14,
            "P_yy": 1.1676226036695526e-14,
            "P_zz": -3.1136602764521403e-14
        }
    }
}