{
    "ref_system": {
        "name": "Si-crystal-c415e085-5276-400e-8733-6a1c7f3428e6",
        "atomic-system": {
            "box": {
                "avect": {
                    "value": [
                        2.725665480341677,
                        0.0,
                        0.0
                    ]
                },
                "bvect": {
                    "value": [
                        -1.3628327401708378,
                        2.360495548194207,
                        0.0
                    ]
                },
                "cvect": {
                    "value": [
                        0.0,
                        0.0,
                        4.487613466259773
                    ]
                },
                "origin": {
                    "value": [
                        0.0,
                        0.0,
                        0.0
                    ]
                }
            },
            "periodic-boundary-condition": [
                true,
                true,
                true
            ],
            "atom-type-symbol": "Si",
            "atoms": {
                "natoms": 2,
                "property": [
                    {
                        "name": "atype",
                        "data": {
                            "value": [
                                1,
                                1
                            ]
                        }
                    },
                    {
                        "name": "pos",
                        "data": {
                            "value": [
                                0.0,
                                0.0,
                                0.0,
                                1.1102230246251565e-16,
                                1.5736636987961385,
                                2.2438067331298845
                            ],
                            "shape": [
                                2,
                                3
                            ],
                            "unit": "angstrom"
                        }
                    }
                ]
            }
        },
        "reference_values": {
            "E_pot_total": -7.0570881498247,
            "E_pot_atom": -3.5285440749123,
            "P_xx": -8.267950516670061e-14,
            "P_yy": -6.906941733591652e-14,
            "P_zz": -7.032103015945619e-14
        }
    }
}