{
    "ref_system": {
        "name": "Si-crystal-41c8b09b-b359-40ea-aad3-fae4199e9755",
        "atomic-system": {
            "box": {
                "avect": {
                    "value": [
                        2.6973434068327493,
                        0.0,
                        0.0
                    ]
                },
                "bvect": {
                    "value": [
                        -1.3486717034163753,
                        2.3359679130476247,
                        0.0
                    ]
                },
                "cvect": {
                    "value": [
                        0.0,
                        0.0,
                        6.942747730875473
                    ]
                },
                "origin": {
                    "value": [
                        0.0,
                        0.0,
                        0.0
                    ]
                }
            },
            "periodic-boundary-condition": [
                true,
                true,
                true
            ],
            "atom-type-symbol": "Si",
            "atoms": {
                "natoms": 3,
                "property": [
                    {
                        "name": "atype",
                        "data": {
                            "value": [
                                1,
                                1,
                                1
                            ]
                        }
                    },
                    {
                        "name": "pos",
                        "data": {
                            "value": [
                                0.0,
                                0.0,
                                0.0,
                                0.6743358517081868,
                                1.1679839565238124,
                                4.628498487250316,
                                1.3486717034163744,
                                0.0,
                                2.314249243625158
                            ],
                            "shape": [
                                3,
                                3
                            ],
                            "unit": "angstrom"
                        }
                    }
                ]
            }
        },
        "reference_values": {
            "E_pot_total": -10.977689851479,
            "E_pot_atom": -3.6592299504928,
            "P_xx": 9.618675803788435e-07,
            "P_yy": 9.618675833278942e-07,
            "P_zz": 6.374826501528545e-07
        }
    }
}