{
    "ref_system": {
        "name": "Si-crystal-d3d2368a-c3a1-4dc3-995c-feec733ca8b6",
        "atomic-system": {
            "box": {
                "avect": {
                    "value": [
                        2.5007548553365644,
                        0.0,
                        0.0
                    ]
                },
                "bvect": {
                    "value": [
                        0.0,
                        2.5007548553365644,
                        0.0
                    ]
                },
                "cvect": {
                    "value": [
                        0.0,
                        0.0,
                        2.5007548553365644
                    ]
                },
                "origin": {
                    "value": [
                        0.0,
                        0.0,
                        0.0
                    ]
                }
            },
            "periodic-boundary-condition": [
                true,
                true,
                true
            ],
            "atom-type-symbol": "Si",
            "atoms": {
                "natoms": 1,
                "property": [
                    {
                        "name": "atype",
                        "data": {
                            "value": [
                                1
                            ]
                        }
                    },
                    {
                        "name": "pos",
                        "data": {
                            "value": [
                                0.0,
                                0.0,
                                0.0
                            ],
                            "shape": [
                                1,
                                3
                            ],
                            "unit": "angstrom"
                        }
                    }
                ]
            }
        },
        "reference_values": {
            "E_pot_total": -4.3450844749358,
            "E_pot_atom": -4.3450844749358,
            "P_xx": -3.640364310357431e-14,
            "P_yy": -3.640364310357431e-14,
            "P_zz": -3.640364310357431e-14
        }
    }
}