{
    "ref_system": {
        "name": "Si-crystal-235c29e2-4ea4-4e92-ad52-d92c9fab5412",
        "atomic-system": {
            "box": {
                "avect": {
                    "value": [
                        3.071104101885535,
                        0.0,
                        0.0
                    ]
                },
                "bvect": {
                    "value": [
                        0.0,
                        3.071104101885535,
                        0.0
                    ]
                },
                "cvect": {
                    "value": [
                        0.0,
                        0.0,
                        3.071104101885535
                    ]
                },
                "origin": {
                    "value": [
                        0.0,
                        0.0,
                        0.0
                    ]
                }
            },
            "periodic-boundary-condition": [
                true,
                true,
                true
            ],
            "atom-type-symbol": "Si",
            "atoms": {
                "natoms": 2,
                "property": [
                    {
                        "name": "atype",
                        "data": {
                            "value": [
                                1,
                                1
                            ]
                        }
                    },
                    {
                        "name": "pos",
                        "data": {
                            "value": [
                                0.0,
                                0.0,
                                0.0,
                                1.5355520509427671,
                                1.5355520509427671,
                                1.5355520509427671
                            ],
                            "shape": [
                                2,
                                3
                            ],
                            "unit": "angstrom"
                        }
                    }
                ]
            }
        },
        "reference_values": {
            "E_pot_total": -7.8710226134685,
            "E_pot_atom": -3.9355113067343,
            "P_xx": 1.0387903827630656e-13,
            "P_yy": 1.0383304357261647e-13,
            "P_zz": 1.0371039102945749e-13
        }
    }
}